{
  "n_topics": 10,
  "topics": [
    {
      "topic_id": 0,
      "top_words": [
        [
          "\u03b3\u1f70\u03c1",
          0.07347860863190815
        ],
        [
          "\u03c4\u1f78",
          0.06971056268915163
        ],
        [
          "\u03c4\u03bf\u1fe6",
          0.05326818039348676
        ],
        [
          "\u03bf\u1f50",
          0.04419061516775512
        ],
        [
          "\u1f00\u03bb\u03bb\u1f70",
          0.0400800195938389
        ],
        [
          "\u1f21",
          0.03990874477825906
        ],
        [
          "\u03bf\u1f50\u03ba",
          0.03340030178622505
        ],
        [
          "\u03c4\u1fc7",
          0.03168755363042663
        ],
        [
          "\u1f41",
          0.03134500399926694
        ],
        [
          "\u03b5\u1f30",
          0.030488629921367732
        ],
        [
          "\u1f45\u03c4\u03b9",
          0.027748232872090255
        ],
        [
          "\u03b8\u03b5\u1f78\u03c2",
          0.018156843199619088
        ],
        [
          "\u03c4\u03bf\u1fe6\u03c4\u03bf",
          0.017985568384039245
        ],
        [
          "\u03bc\u03bf\u03c5",
          0.015587720965921452
        ],
        [
          "\u03b1\u1f50\u03c4\u1ff6\u03bd",
          0.01473134688802224
        ]
      ]
    },
    {
      "topic_id": 1,
      "top_words": [
        [
          "\u03ba\u03b1\u1f76",
          0.09500578881225448
        ],
        [
          "\u1f30\u03b7\u03c3\u03bf\u1fe6",
          0.03266473376411332
        ],
        [
          "\u03c3\u03bf\u03c5",
          0.02573794986987542
        ],
        [
          "\u03c4\u1fc7",
          0.021779787644596618
        ],
        [
          "\u03b5\u1f36\u03bd\u03b1\u03b9",
          0.01683208486299811
        ],
        [
          "\u03c3\u03b5",
          0.015842544306678412
        ],
        [
          "\u1f35\u03bd\u03b1",
          0.01485300375035871
        ],
        [
          "\u03c3\u03bf\u03b9",
          0.013863463194039008
        ],
        [
          "\u03c0\u03af\u03c3\u03c4\u03b9\u03bd",
          0.012873922637719307
        ],
        [
          "\u03c0\u03af\u03c3\u03c4\u03b5\u03b9",
          0.011884382081399606
        ],
        [
          "\u03c3\u1f7a",
          0.010894841525079905
        ],
        [
          "\u03c0\u1fb6\u03c3\u03b9\u03bd",
          0.010894841525079905
        ],
        [
          "\u1f14\u03c1\u03b3\u03c9\u03bd",
          0.010894841525079905
        ],
        [
          "\u03b4\u03b9\u03b4\u03b1\u03c3\u03ba\u03b1\u03bb\u03af\u1fb3",
          0.009905300968760205
        ],
        [
          "\u1f10\u03bd\u03ce\u03c0\u03b9\u03bf\u03bd",
          0.008915760412440504
        ]
      ]
    },
    {
      "topic_id": 2,
      "top_words": [
        [
          "\u03b3\u1f70\u03c1",
          0.0394442464184685
        ],
        [
          "\u03c4\u1f78\u03bd",
          0.03868584906375847
        ],
        [
          "\u1f41",
          0.03489386229020834
        ],
        [
          "\u03c4\u03b5",
          0.02048431255071783
        ],
        [
          "\u03c0\u03af\u03c3\u03c4\u03b5\u03b9",
          0.018209120486587748
        ],
        [
          "\u03b8\u03b5\u03cc\u03c2",
          0.015933928422457666
        ],
        [
          "\u1f10\u03c0\u03b1\u03b3\u03b3\u03b5\u03bb\u03af\u03b1\u03c2",
          0.01517553106774764
        ],
        [
          "\u03bc\u1f74",
          0.01517553106774764
        ],
        [
          "\u1f14\u03c4\u03b9",
          0.014417133713037614
        ],
        [
          "\u03bc\u1f72\u03bd",
          0.013658736358327586
        ],
        [
          "\u1f27\u03c2",
          0.012141941648907532
        ],
        [
          "\u1f01\u03bc\u03b1\u03c1\u03c4\u03b9\u1ff6\u03bd",
          0.010625146939487478
        ],
        [
          "\u03b1\u1f35\u03bc\u03b1\u03c4\u03bf\u03c2",
          0.009108352230067424
        ],
        [
          "\u03c7\u03c9\u03c1\u1f76\u03c2",
          0.008349954875357396
        ],
        [
          "\u03b1\u1f35\u03bc\u03b1\u03c4\u03b9",
          0.008349954875357396
        ]
      ]
    },
    {
      "topic_id": 3,
      "top_words": [
        [
          "\u1f10\u03bd",
          0.16159684549081754
        ],
        [
          "\u03c4\u03bf\u1fe6",
          0.0670738745371338
        ],
        [
          "\u1f30\u03b7\u03c3\u03bf\u1fe6",
          0.043365142548751075
        ],
        [
          "\u03c7\u03c1\u03b9\u03c3\u03c4\u03bf\u1fe6",
          0.038997744550891104
        ],
        [
          "\u03c4\u1ff7",
          0.03494230355287827
        ],
        [
          "\u03c7\u03c1\u03b9\u03c3\u03c4\u1ff7",
          0.030574905555018295
        ],
        [
          "\u03c4\u1f70",
          0.027143378556699745
        ],
        [
          "\u03ba\u03c5\u03c1\u03af\u1ff3",
          0.023399894558534053
        ],
        [
          "\u1f51\u03bc\u03b5\u1fd6\u03c2",
          0.021528152559451206
        ],
        [
          "\u03c4\u1fc7",
          0.01965641056036836
        ],
        [
          "\u03b5\u1f34",
          0.013729227563272677
        ],
        [
          "\u03ba\u03b1\u03b8\u1f7c\u03c2",
          0.012793356563731253
        ],
        [
          "\u03c3\u1f7a\u03bd",
          0.012169442564036972
        ],
        [
          "\u03b1\u1f50\u03c4\u1f78",
          0.011857485564189831
        ],
        [
          "\u03c0\u1fb6\u03c3\u03b9\u03bd",
          0.010921614564648408
        ]
      ]
    },
    {
      "topic_id": 4,
      "top_words": [
        [
          "\u03b5\u1f30\u03c2",
          0.09055292766683037
        ],
        [
          "\u03c4\u1fc6\u03c2",
          0.08489348378934455
        ],
        [
          "\u1f10\u03bd",
          0.07978172802903477
        ],
        [
          "\u03b4\u1f72",
          0.07978172802903477
        ],
        [
          "\u03b8\u03b5\u03bf\u1fe6",
          0.03925280735800729
        ],
        [
          "\u03ba\u03b1\u03c4\u1f70",
          0.03195029912899333
        ],
        [
          "\u03c4\u03bf\u1fe6",
          0.03176773642326798
        ],
        [
          "\u03c4\u1f70",
          0.02483035360570472
        ],
        [
          "\u03c0\u03c1\u1f78\u03c2",
          0.023734977371352627
        ],
        [
          "\u1f21\u03bc\u1ff6\u03bd",
          0.0195360351396696
        ],
        [
          "\u1f00\u03c0\u1f78",
          0.0191709097282189
        ],
        [
          "\u03b4\u03b9\u02bc",
          0.017527845376690762
        ],
        [
          "\u1f10\u03ba",
          0.016980157259514714
        ],
        [
          "\u1f51\u03c0\u1f72\u03c1",
          0.016432469142338667
        ],
        [
          "\u03bf\u1f56\u03bd",
          0.01588478102516262
        ]
      ]
    },
    {
      "topic_id": 5,